item_name,units_sold,revenue,avg_price,category,est_cost,est_margin_per_unit,food_cost_pct,total_est_margin,classification
Chicken Biryani,14772,3280893.0,222.08879931598875,Biryani,84.0,136.0,0.38,2008992.0,Star
Mutton Biryani,11282,3183965.0,282.2700683516134,Biryani,106.0,174.0,0.38,1963068.0,Star
Chicken Shawarma Roll,13250,1748435.0,131.9901164365015,Rolls,44.0,86.0,0.34,1139500.0,Plowhorse
Chicken Kebab Platter,7522,1820770.0,242.05956447480784,Platters,101.0,139.0,0.42,1045558.0,Star
Arabic Mandi Chicken,6185,1682316.0,271.94084362139915,Rice,108.0,162.0,0.4,1001970.0,Puzzle
Chicken Shawarma Plate,7990,1693748.0,211.99820107935238,Platters,88.0,122.0,0.42,974780.0,Star
Mixed Grill Platter,4102,1442791.0,351.80417149478563,Platters,147.0,203.0,0.42,832706.0,Puzzle
Mutton Shawarma Roll,6969,1129433.0,162.0123853211009,Rolls,54.0,106.0,0.34,738714.0,Plowhorse
Chicken Kabsa,4241,1112067.0,262.16975425330816,Rice,104.0,156.0,0.4,661596.0,Puzzle
Hummus with Pita,6110,928313.0,151.93390580275826,Starters,48.0,102.0,0.32,623220.0,Dog
Veg Biryani,4672,850115.0,182.00789835164835,Biryani,68.0,112.0,0.38,523264.0,Puzzle
Manakish Cheese,5465,666804.0,122.05399883245768,Bakery,34.0,86.0,0.28,469990.0,Dog
Lemon Mint Cooler,8672,538957.0,62.18551367331855,Beverages,11.0,49.0,0.18,424928.0,Plowhorse
Falafel Plate,3502,603077.0,172.2206551410373,Starters,54.0,116.0,0.32,406232.0,Puzzle
Falafel Roll,5552,622946.0,112.17076659038902,Rolls,37.0,73.0,0.34,405296.0,Dog
Karak Chai,10413,437543.0,42.04668049792531,Beverages,7.0,33.0,0.18,343629.0,Plowhorse
Falooda,4791,441066.0,92.1209117938553,Dessert,27.0,63.0,0.3,301833.0,Dog
Baklava (2 pcs),3593,366022.0,101.8770601336303,Dessert,30.0,70.0,0.3,251510.0,Dog
Manakish Zaatar,2651,296859.0,111.9618138424821,Bakery,31.0,79.0,0.28,209429.0,Dog
