item_name,base_price,category
Chicken Shawarma Roll,130,Rolls
Mutton Shawarma Roll,160,Rolls
Falafel Roll,110,Rolls
Chicken Biryani,220,Biryani
Mutton Biryani,280,Biryani
Veg Biryani,180,Biryani
Chicken Kabsa,260,Rice
Hummus with Pita,150,Starters
Falafel Plate,170,Starters
Chicken Kebab Platter,240,Platters
Mixed Grill Platter,350,Platters
Manakish Cheese,120,Bakery
Manakish Zaatar,110,Bakery
Chicken Shawarma Plate,210,Platters
Falooda,90,Dessert
Baklava (2 pcs),100,Dessert
Arabic Mandi Chicken,270,Rice
Lemon Mint Cooler,60,Beverages
Karak Chai,40,Beverages
